Serial number,Case no.,Slide number,Cells, ,Area,Mean,Min,Max,Perim.,Circ.,Feret,IntDen,RawIntDen,FeretX,FeretY,FeretAngle,MinFeret,AR,Round,Solidity
1,856,S1,C1,1,111.995,191.731,158,234,41.014,0.837,14.393,21472.823,423341,1488,890,110.136,11.052,1.214,0.824,0.946
2,856,S1,C2,2,103.22,188.561,157,228,41.577,0.75,13.198,19463.206,383721,1582,1197,143.326,10.85,1.173,0.853,0.951
3,856,S1,C3,3,87.293,157.07,130,201,36.593,0.819,13.18,13711.096,270317,1354,1163,160.017,8.799,1.387,0.721,0.94
4,856,S1,C4,4,96.981,165.792,136,204,39.653,0.775,14.5,16078.711,316995,1477,1044,43.112,9.639,1.418,0.705,0.946
5,856,S1,C5,5,104.944,151.012,123,197,38.393,0.895,13.746,15847.874,312444,1330,1139,55.008,10.191,1.327,0.754,0.955
6,856,S1,C6,6,121.733,153.208,123,197,42.595,0.843,14.526,18650.534,367699,1343,1146,82.875,11.036,1.284,0.779,0.97
7,856,S1,C7,7,117.574,160.577,126,228,42.498,0.818,13.52,18879.697,372217,1442,938,119.982,11.936,1.045,0.957,0.972
8,856,S2,C1,1,113.223,181.365,159,211,40.612,0.863,13.871,20534.762,397553,1092,1005,161.862,11.136,1.241,0.806,0.953
9,856,S2,C2,2,137.345,168.352,145,202,45.068,0.85,15.022,23122.366,447649,1222,1172,72.387,12.807,1.151,0.868,0.952
10,856,S2,C3,3,133.316,181.087,155,211,44.116,0.861,15.28,24141.787,467385,1220,1211,22.751,11.443,1.32,0.757,0.956
11,856,S2,C4,4,49.897,149.527,136,182,27.512,0.828,9.548,7460.899,144443,1166,1145,141.766,7.071,1.349,0.741,0.945
12,856,S2,C5,5,83.936,169.327,151,206,35.816,0.822,12.582,14212.603,275156,1023,1169,159.928,8.991,1.457,0.686,0.947
13,856,S2,C6,6,76.653,162.735,142,195,34.85,0.793,12.796,12474.122,241499,1112,1191,56.592,8.771,1.405,0.712,0.941
14,856,S3,C1,1,110.95,168.224,149,189,42.169,0.784,15.207,18664.514,361345,2025,545,170.538,11.22,1.327,0.754,0.92
15,856,S3,C2,2,149.225,157.518,135,194,54.226,0.638,20.232,23505.682,455070,2281,456,14.973,9.424,2.408,0.415,0.868
16,856,S3,C3,3,108.523,151.172,123,182,41.178,0.804,14.131,16405.579,317612,2068,586,117.801,10,1.362,0.734,0.962
17,856,S3,C4,4,103.771,144.512,120,176,42.206,0.732,14.237,14996.074,290324,2017,644,73.301,9.895,1.476,0.677,0.95
18,856,S3,C5,5,100.465,160.714,141,185,40.881,0.755,15.654,16146.074,312588,2310,505,25.821,8.662,1.779,0.562,0.92
19,856,S3,C6,6,89.36,173.961,158,196,36.576,0.839,12.239,15545.041,300952,2284,1734,68.199,10,1.08,0.926,0.94
20,856,S4,C1,1,110.692,182.089,167,210,40.259,0.858,13.252,20155.785,390216,1322,315,120.964,11.364,1.132,0.884,0.956
21,856,S4,C2,2,136.725,193.522,176,214,44.394,0.872,14.524,26459.298,512252,1654,490,69.864,12.473,1.157,0.864,0.959
22,856,S4,C3,3,97.056,157.779,141,182,62.527,0.312,14.478,15313.326,296466,1273,506,137.545,9.668,1.576,0.634,0.894
23,856,S4,C4,4,115.754,136.621,109,184,48.104,0.629,15.214,15814.463,306168,443,1160,103.829,11.685,1.314,0.761,0.939
24,856,S4,C5,5,106.715,145.336,122,174,54.022,0.46,14.087,15509.556,300265,564,1026,169.778,9.954,1.435,0.697,0.951
25,856,S4,C6,6,157.49,194.286,173,215,49.394,0.811,16.104,30597.986,592377,1662,496,81.069,13.08,1.192,0.839,0.963
26,881,S1,C1,1,188.43,177.931,160,228,56.653,0.738,19.297,33527.479,649092,825,906,32.005,15.073,1.412,0.708,0.914
27,881,S1,C2,2,143.853,168.11,148,207,45.846,0.86,15.093,24183.11,468185,917,956,108.435,12.831,1.139,0.878,0.951
28,881,S1,C3,3,173.864,165.709,145,211,52.084,0.805,16.727,28810.744,557776,701,1106,53.286,13.071,1.237,0.808,0.952
29,881,S1,C4,4,91.064,173.264,153,220,41.516,0.664,14.62,15778.151,305465,1063,992,11.659,8.636,1.738,0.575,0.942
30,881,S1,C5,5,142.665,164.883,145,213,46.735,0.821,16.071,23523.14,455408,1433,854,61.26,12.292,1.295,0.772,0.959
31,881,S2,C1,1,283.006,166.791,141,228,67.742,0.775,20.486,47202.789,913846,866,673,107.43,18.642,1.025,0.976,0.963
32,881,S2,C2,2,178.771,148.827,119,212,55.105,0.74,17.903,26605.94,515091,1461,825,151.157,14.156,1.205,0.83,0.943
33,881,S2,C3,3,143.233,159.879,142,205,48.727,0.758,16.2,22900.052,443345,1502,952,34.136,11.545,1.371,0.729,0.959
34,881,S2,C4,4,77.531,135.574,112,196,34.468,0.82,11.245,10511.209,203497,1511,1207,104.036,9.545,1.063,0.941,0.935
35,881,S2,C5,5,91.632,163.236,143,205,47.89,0.502,13.877,14957.645,289580,967,1266,31.608,9.743,1.431,0.699,0.951
36,881,S3,C1,1,158.006,173.192,128,252,57.598,0.598,20.429,27365.393,529794,1601,1123,32.276,10.733,1.942,0.515,0.948
37,881,S3,C2,2,68.802,159.468,130,217,32.255,0.831,12.281,10971.694,212412,1477,1248,141.009,7.553,1.59,0.629,0.95
38,881,S3,C3,3,205.372,157.668,124,235,60.043,0.716,18.659,32380.63,626889,2368,615,34.077,14.908,1.212,0.825,0.957
39,881,S3,C4,4,76.911,194.541,166,237,39.523,0.619,12.629,14962.345,289671,2240,710,149.744,8.2,1.532,0.653,0.933
40,881,S3,C5,5,92.924,162.402,133,231,39.325,0.755,14.157,15090.961,292161,2285,952,42.397,9.627,1.462,0.684,0.941
41,881,S4,C1,6,83.936,156.113,135,198,47.821,0.461,13.736,13103.461,253683,1325,867,38.956,9.771,1.365,0.733,0.935
42,881,S4,C2,7,342.407,124.526,102,179,73.353,0.8,24.651,42638.481,825481,716,1093,161.732,17.273,1.432,0.698,0.963
43,881,S4,C3,8,136.725,119.803,92,189,45.549,0.828,16.91,16380.114,317119,387,1092,36.254,11.973,1.38,0.725,0.962
44,881,S4,C4,9,67.717,120.335,87,188,32.938,0.784,10.876,8148.709,157759,690,1191,10.84,9.046,1.205,0.83,0.912
45,881,S4,C5,10,130.94,136.845,101,205,51.136,0.629,20.775,17918.492,346902,525,1256,10.081,9.008,2.32,0.431,0.956
46,881,S5,C1,11,92.2,169.162,126,249,37.876,0.808,14.027,15596.849,301955,1780,960,26.98,9.545,1.339,0.747,0.924
47,881,S5,C2,12,151.911,148.605,115,226,50.912,0.736,17.422,22574.742,437047,1311,821,15.124,12.121,1.504,0.665,0.949
48,881,S5,C3,13,121.694,194.011,162,229,45.025,0.754,17.335,23609.969,457089,1309,953,145.685,9.385,1.873,0.534,0.948
49,881,S5,C4,14,88.688,169.426,129,208,37.391,0.797,12.099,15026.085,290905,1720,824,95.389,9.773,1.19,0.84,0.952
50,881,S5,C5,15,115.599,173.63,124,245,44.97,0.718,16.176,20071.539,388585,1792,739,175.972,10.368,1.548,0.646,0.931
51,1199,S1,C1,1,82.076,118.685,95,202,35.858,0.802,11.897,9741.271,188591,2142,1223,133.452,10,1.198,0.834,0.93
52,1199,S1,C2,2,131.87,194.137,174,228,47.29,0.741,14.524,25600.826,495632,1756,1461,159.864,12.273,1.169,0.855,0.946
53,1199,S1,C3,3,100.775,173.185,154,221,39.541,0.81,13.492,17452.634,337883,1228,1295,147.381,10.285,1.295,0.772,0.951
54,1199,S1,C4,4,102.118,158.932,115,217,45.599,0.617,13.638,16229.752,314208,1507,984,156.425,9.749,1.405,0.712,0.957
55,1199,S1,C5,5,46.333,139.929,118,185,26.254,0.845,9.128,6483.264,125516,1356,1049,18.886,6.556,1.349,0.741,0.947
56,1199,S2,C1,6,56.302,185.698,163,225,34.446,0.596,9.589,10455.114,202411,1709,1407,31.43,7.955,1.165,0.858,0.951
57,1199,S2,C2,7,66.942,154.067,129,221,37.19,0.608,12.678,10313.585,199671,1269,1565,165.466,8.409,1.353,0.739,0.906
58,1199,S2,C3,8,37.603,142.236,112,209,25.465,0.729,9.057,5348.554,103548,2005,1365,17.526,6.364,1.404,0.712,0.894
59,1199,S2,C4,9,73.915,190.148,167,230,34.418,0.784,11.741,14054.855,272102,1661,1859,42.647,9.01,1.341,0.745,0.931
60,1199,S2,C5,10,39.514,155.315,137,196,24.818,0.806,8.486,6137.19,118816,1692,1683,159.624,6.364,1.316,0.76,0.919
61,1199,S3,C1,11,77.996,150.427,121,218,33.209,0.889,11.348,11732.696,227145,1593,1171,32.735,9.091,1.183,0.846,0.963
62,1199,S3,C2,12,64.618,189.65,155,242,32.987,0.746,12.182,12254.752,237252,1464,1076,171.416,7.5,1.617,0.618,0.937
63,1199,S3,C3,13,73.45,197.847,174,232,37.716,0.649,11.759,14531.921,281338,1524,873,138.918,8.242,1.508,0.663,0.945
64,1199,S3,C4,14,82.386,152.202,121,229,36.35,0.784,11.927,12539.36,242762,1591,1148,149.036,9.961,1.158,0.864,0.948
65,1199,S3,C5,15,54.184,171.902,156,203,32.413,0.648,11.715,9314.308,180325,1076,1205,18.083,7.21,1.701,0.588,0.907
66,1199,S4,C1,16,120.145,143.891,113,192,46.973,0.684,16.892,17287.758,334691,1594,1297,113.806,10.206,1.717,0.582,0.931
67,1199,S4,C2,17,172.624,132.147,96,219,52.853,0.777,17.651,22811.674,441634,1582,1391,11.889,14.545,1.15,0.869,0.936
68,1199,S4,C3,18,67.252,159.974,127,222,35.311,0.678,11.931,10758.574,208286,1702,1119,162.255,7.928,1.567,0.638,0.926
69,1199,S4,C4,19,54.029,112.494,87,187,32.736,0.634,9.927,6077.944,117669,1576,1627,74.055,8.573,1.134,0.882,0.852
70,1199,S4,C5,20,66.322,114.713,80,209,41.089,0.494,11.069,7608.006,147291,1214,1751,70.821,9.329,1.113,0.899,0.899
71,1199,S5,C1,21,77.841,140.362,115,196,36.37,0.739,13.213,10925.878,211525,1513,1181,63.435,8.569,1.674,0.597,0.905
72,1199,S5,C2,22,74.742,152.424,136,198,39.86,0.591,13.237,11392.459,220558,1324,1237,74.055,8.182,1.564,0.639,0.934
73,1199,S5,C3,23,62.913,156.436,126,226,35.521,0.627,10.227,9841.89,190539,1804,1346,53.13,8.93,1.113,0.898,0.924
74,1199,S5,C4,24,55.424,118.709,93,170,29.29,0.812,10.388,6579.287,127375,1991,1354,10.081,7.596,1.319,0.758,0.919
75,1199,S5,C5,25,47.934,106.457,77,172,26.348,0.868,9.709,5102.893,98792,1699,1293,163.686,6.364,1.403,0.713,0.949
76,1233,S1,C1,1,148.709,144.379,116,212,48.85,0.783,15.654,21470.455,415668,1076,1395,154.179,13.416,1.121,0.892,0.92
77,1233,S1,C2,2,231.198,148.297,115,204,62.124,0.753,20.51,34286.002,663777,994,1281,77.196,15.909,1.318,0.759,0.936
78,1233,S1,C3,3,194.99,124.323,91,187,56.621,0.764,18.102,24241.736,469320,1032,1359,38.884,14.545,1.173,0.852,0.957
79,1233,S1,C4,4,91.219,141.097,104,233,39.503,0.735,13.369,12870.713,249177,1150,1207,107.819,9.455,1.416,0.706,0.939
80,1233,S1,C5,5,76.136,157.268,122,220,40.282,0.59,11.003,11973.812,231813,305,971,38.29,9.073,1.169,0.855,0.95
81,1233,S1,C6,6,63.585,180.062,149,247,38.649,0.535,12.319,11449.174,221656,689,972,29.876,7.216,1.841,0.543,0.912
82,1233,S1,C7,7,42.097,129.948,102,197,27.147,0.718,9.343,5470.455,105908,105,1529,48.945,6.545,1.468,0.681,0.919
83,1233,S2,C1,8,97.211,118.471,80,200,40.775,0.735,13.087,11516.632,222962,2046,434,20.323,9.545,1.359,0.736,0.955
84,1233,S2,C2,9,73.915,113.869,72,175,34.93,0.761,12.239,8416.632,162946,2158,444,148.671,8.182,1.559,0.642,0.939
85,1233,S2,C3,10,112.293,125.79,97,171,41.004,0.839,13.43,14125.413,273468,2104,432,23.962,11.818,1.06,0.944,0.927
86,1233,S2,C4,11,90.134,125.256,92,173,42.314,0.633,15.515,11289.824,218571,2148,390,148.173,8.334,1.918,0.521,0.918
87,1233,S2,C5,12,39.514,112.001,72,201,26.189,0.724,8.954,4425.671,85681,2220,378,113.962,6.997,1.295,0.772,0.892
88,1233,S2,C6,13,45.661,112.497,79,190,26.166,0.838,9.791,5136.725,99447,1596,488,158.199,7.187,1.305,0.766,0.909
89,1233,S3,C1,14,76.963,191.397,179,216,39.003,0.636,13.016,14730.424,285181,1928,1306,77.905,8.131,1.592,0.628,0.934
90,1233,S3,C2,15,106.87,193.371,172,231,40.696,0.811,16.071,20665.548,400085,2000,1312,61.26,9.631,1.7,0.588,0.935
91,1233,S3,C3,16,71.333,170.137,131,220,34.667,0.746,12.103,12136.312,234959,1848,1292,145.713,8.448,1.488,0.672,0.924
92,1233,S3,C4,17,66.012,184.506,172,212,32.486,0.786,12.103,12179.7,235799,1272,1172,55.713,7.69,1.607,0.622,0.931
93,1233,S3,C5,18,112.087,170.498,153,221,41.804,0.806,14.157,19110.589,369981,1812,318,42.397,11.011,1.245,0.803,0.93
94,1233,S3,C6,19,57.438,95.393,75,146,31.561,0.725,10.041,5479.184,106077,1336,356,95.194,7.727,1.168,0.856,0.919
95,1233,S4,C1,20,84.349,144.164,124,199,38.05,0.732,13.564,12160.124,235420,1581,1175,58.707,9.091,1.44,0.694,0.947
96,1233,S4,C2,21,142.614,147.953,128,206,46.768,0.819,14.667,21100.103,408498,1601,1207,12.529,12.88,1.116,0.896,0.953
97,1233,S4,C3,22,71.074,152.935,128,192,35.019,0.728,11.192,10869.731,210438,1020,1216,150.832,9.744,1.047,0.955,0.925
98,1233,S4,C4,23,88.378,162.038,133,209,40.172,0.688,13.836,14320.61,277247,1823,1488,132.337,10.298,1.252,0.799,0.906
99,1233,S4,C5,24,70.971,138.614,117,198,33.357,0.802,11.391,9837.552,190455,1521,1657,28.61,8.456,1.371,0.729,0.936
100,1233,S4,C6,25,72.676,155.49,138,205,36.904,0.671,12.239,11300.362,218775,1745,1364,31.329,8.601,1.56,0.641,0.909
101,1349,S1,C1,1,392.252,172.056,137,253,75.591,0.863,23.623,67489.153,1306590,2332,1500,30.018,21.818,1.019,0.981,0.958
102,1349,S1,C2,2,125.517,142.865,105,213,44.068,0.812,14.759,17931.973,347163,527,656,80.248,10.909,1.284,0.779,0.968
103,1349,S1,C3,3,73.399,140.241,96,237,35.705,0.724,13.824,10293.543,199283,394,686,80.538,7.96,1.955,0.511,0.933
104,1349,S1,C4,4,109.711,141.682,105,210,46.584,0.635,13.64,15544.06,300933,479,716,10.561,10.672,1.213,0.824,0.96
105,1349,S1,C5,5,90.806,138.728,101,202,43.271,0.609,13.731,12597.262,243883,507,888,12.426,9.318,1.496,0.669,0.947
106,1349,S1,C6,6,139.153,157.873,117,211,47.835,0.764,15.288,21968.543,425311,365,687,95.117,11.461,1.333,0.75,0.968
107,1349,S1,C7,7,36.157,129.314,98,196,23.895,0.796,8.492,4675.62,90520,594,922,105.524,5.909,1.441,0.694,0.943
108,1349,S1,C8,8,248.812,145.095,101,213,61.324,0.831,20.12,36101.446,698924,1111,660,166.278,16.136,1.231,0.812,0.967
109,1349,S1,C9,9,95.041,141.353,102,204,47.564,0.528,13.515,13434.401,260090,750,848,47.726,10.349,1.38,0.725,0.889
110,1349,S2,C1,10,164.411,196.873,158,252,48.061,0.894,16.477,32368.13,626647,1795,857,114.444,14.091,1.072,0.933,0.949
111,1349,S2,C2,11,96.798,180.051,157,247,41.712,0.699,12.8,17428.512,337416,1817,835,16.504,9.545,1.261,0.793,0.958
112,1349,S2,C3,12,283.833,184.439,145,242,66.466,0.807,24.604,52349.897,1013494,1017,1157,168.275,15.455,1.604,0.623,0.956
113,1349,S2,C4,13,217.872,157.164,125,209,65.126,0.646,19.969,34241.581,662917,793,1145,41.309,14.464,1.373,0.728,0.946
114,1349,S2,C5,14,214.463,172.12,133,220,55.403,0.878,18.102,36913.275,714641,875,1055,51.116,15.455,1.116,0.896,0.96
115,1349,S2,C6,15,113.275,137.019,101,217,40.231,0.879,14.952,15520.764,300482,1083,943,160.463,10.455,1.428,0.7,0.945
116,1349,S2,C7,16,263.843,136.997,96,241,62.899,0.838,21.091,36145.713,699781,943,493,37.117,16.408,1.242,0.805,0.951
117,1349,S2,C8,17,75.981,152.142,109,242,38.558,0.642,12.873,11559.969,223801,1395,729,42.138,8.531,1.525,0.656,0.911
118,1349,S3,C1,18,183.11,145.122,105,218,51.478,0.868,16.746,26573.192,514457,824,680,7.8,14.624,1.119,0.894,0.96
119,1349,S3,C2,19,188.275,147.695,109,205,57.845,0.707,18.302,27807.18,538347,898,812,114.974,14.409,1.258,0.795,0.96
120,1349,S3,C3,20,131.353,138.963,105,239,45.478,0.798,15.28,18253.202,353382,1178,904,112.751,12.045,1.243,0.805,0.959
121,1349,S3,C4,21,77.221,167.565,129,217,34.399,0.82,11.213,12939.566,250510,873,796,72.3,9.642,1.104,0.906,0.948
122,1349,S3,C5,22,175.981,171.116,134,241,56.618,0.69,19.118,30113.223,582992,753,1080,18.004,11.989,1.608,0.622,0.96
123,1349,S3,C6,23,263.895,161.276,119,250,63.392,0.825,23.829,42559.917,823960,1104,1089,122.932,15.132,1.585,0.631,0.965
124,1349,S3,C7,24,130.63,163.351,125,246,46.294,0.766,15.655,21338.533,413114,1341,922,13.431,11.787,1.27,0.787,0.945
125,1349,S3,C8,25,134.711,157.196,117,209,48.325,0.725,16.827,21175.981,409967,817,605,16.477,10.455,1.617,0.619,0.961
126,1422,S1,C1,1,118.44,142.277,113,200,43.938,0.771,15.308,16851.291,326241,1142,359,139.214,10.709,1.316,0.76,0.952
127,1422,S1,C2,2,87.81,136.123,108,196,37.212,0.797,12.8,11952.944,231409,1146,745,73.496,9.082,1.376,0.727,0.936
128,1422,S1,C3,3,90.702,132.181,106,194,37.985,0.79,11.925,11989.101,232109,1818,615,82.333,10,1.154,0.867,0.951
129,1422,S1,C4,4,76.55,142.402,116,183,36.28,0.731,12.233,10900.826,211040,821,567,125.166,8.607,1.364,0.733,0.928
130,1422,S1,C5,5,75.052,141.399,115,184,35.094,0.766,11.146,10612.242,205453,1485,709,16.587,9.091,1.178,0.849,0.954
131,1422,S2,C1,6,101.756,133.777,110,176,43.132,0.687,14.862,13612.603,263540,649,1025,23.429,9.312,1.595,0.627,0.957
132,1422,S2,C2,7,63.533,134.215,111,186,30.641,0.85,10.023,8527.066,165084,890,1188,32.969,8.634,1.085,0.922,0.961
133,1422,S2,C3,8,44.835,129.308,107,178,27.798,0.729,9.417,5797.469,112239,937,1023,19.747,6.945,1.353,0.739,0.947
134,1422,S2,C4,9,52.324,166.047,133,201,33.285,0.593,11.284,8688.326,168206,474,853,124.33,6.548,1.613,0.62,0.935
135,1422,S2,C5,10,123.089,152.93,112,202,45.617,0.743,16.546,18824.019,364433,1891.5,1101,52.815,9.501,1.779,0.562,0.968
136,1422,S3,C1,11,111.312,151.718,104,198,44.932,0.693,14.501,16888.068,326953,2336.5,901.5,37.678,10.011,1.419,0.705,0.985
137,1422,S3,C2,12,51.343,156.015,116,222,31.71,0.642,9.165,8010.279,155079,2268,912,70.442,7.469,1.217,0.822,0.978
138,1422,S3,C3,13,70.868,159.098,124,222,34.804,0.735,12.147,11274.897,218282,2233,835.5,27.284,9.045,1.235,0.81,0.976
139,1422,S3,C4,14,96.281,114.336,87,171,39.967,0.757,13.133,11008.419,213123,2408.5,777,99.462,10.341,1.207,0.829,0.971
140,1422,S3,C5,15,63.74,122.763,93,192,30.576,0.857,10.391,7824.897,151490,2358,849,48.991,8.643,1.19,0.84,0.959
141,1422,S4,C1,16,98.605,178.682,143,232,40.34,0.761,12.292,17619.008,341104,1257,437,109.44,10.69,1.125,0.889,0.966
142,1422,S4,C2,17,182.076,141.828,108,201,52.77,0.822,17.22,25823.554,499944,984,446,112.504,13.182,1.285,0.778,0.975
143,1422,S4,C3,18,95.816,152.059,118,212,40.746,0.725,13.686,14569.731,282070,1172,542,144.462,9.869,1.352,0.739,0.95
144,1422,S4,C4,19,89.618,175.711,143,231,37.508,0.8,12.009,15746.798,304858,1252,440,119.476,10,1.102,0.908,0.972
145,1422,S4,C5,20,55.579,158.632,129,206,30.271,0.762,9.762,8816.529,170688,1211,510,155.225,7.42,1.301,0.768,0.954
146,1422,S5,C1,21,74.845,100.111,75,161,37.137,0.682,12.292,7492.82,145061,2024,1166,19.44,8.182,1.489,0.671,0.955
147,1422,S5,C2,22,83.936,164.965,128,219,38.81,0.7,11.18,13846.488,268068,1951,784,116.565,10,1.05,0.952,0.97
148,1422,S5,C3,23,103.357,103.925,74,174,40.153,0.806,13.515,10741.374,207953,1911,1016,109.654,10.305,1.26,0.794,0.964
149,1422,S5,C4,24,109.143,95.347,68,145,42.581,0.756,13.781,10406.405,201468,1791,1015,76.651,10.909,1.221,0.819,0.961
150,1422,S5,C5,25,66.736,108.189,85,169,34.613,0.7,11.474,7220.041,139780,2073,1075,172.03,8.714,1.331,0.751,0.925
151,1563,S1,C1,1,54.804,157.227,128,224,30.536,0.739,10.565,8616.632,166818,2492,628,71.175,7.312,1.422,0.703,0.924
152,1563,S1,C2,2,93.182,180.563,143,238,40.841,0.702,12.856,16825.207,325736,2141,585,135,9.554,1.323,0.756,0.934
153,1563,S1,C3,3,113.378,156.303,116,214,42.986,0.771,15.815,17721.333,343085,2140,1086,7.431,9.545,1.699,0.589,0.956
154,1563,S1,C4,4,97.056,182.561,143,239,39.155,0.796,13.237,17718.647,343033,2151,579,105.945,9.964,1.269,0.788,0.946
155,1563,S1,C5,5,53.306,137.141,102,210,28.664,0.815,10.778,7310.382,141529,1891,767,114.944,7.249,1.476,0.677,0.927
156,1563,S2,C1,6,62.242,160.056,134,235,30.949,0.817,9.559,9962.138,192867,1490,774,28.393,8.636,1.016,0.984,0.964
157,1563,S2,C2,7,72.056,166.99,133,230,34.841,0.746,10.602,12032.593,232951,1552,621,30.964,9.249,1.127,0.887,0.963
158,1563,S2,C3,8,87.655,170.944,135,226,40.848,0.66,12.957,14984.091,290092,2191,956,15.255,9.545,1.415,0.707,0.931
159,1563,S2,C4,9,69.267,148.358,113,227,35.966,0.673,10.684,10276.24,198948,1947,897,23.839,8.864,1.235,0.81,0.921
160,1563,S2,C5,10,107.18,199.638,166,251,43.719,0.705,13.759,21397.159,414249,2448,542,157.671,10.455,1.338,0.747,0.928
161,1563,S3,C1,11,116.167,139.303,109,222,50.507,0.572,15.831,16182.438,313292,1277,1203,39.174,10.495,1.606,0.623,0.917
162,1563,S3,C2,12,77.841,144.726,117,207,37.457,0.697,11.7,11265.599,218102,1127,1174,114.075,9.091,1.238,0.807,0.934
163,1563,S3,C3,13,275.826,140.798,104,207,69.591,0.716,22.326,38835.795,751861,1518,939,75.256,17.517,1.244,0.804,0.947
164,1563,S3,C4,14,109.814,166.426,133,234,42.623,0.76,13.423,18275.878,353821,1841,1586,61.699,11.22,1.172,0.853,0.955
165,1563,S3,C5,15,115.961,169.818,145,240,42.428,0.81,14.266,19692.252,381242,1295,1797,120.651,10.901,1.281,0.781,0.951
166,1563,S4,C1,16,60.072,154.199,123,218,31.61,0.755,10.877,9263.12,179334,668,49.5,122.196,7.528,1.379,0.725,0.944
167,1563,S4,C2,17,48.657,152.379,118,240,29.656,0.695,11.186,7414.308,143541,700,120.5,159.171,5.727,1.918,0.521,0.977
168,1563,S4,C3,18,78.409,167.487,133,222,34.595,0.823,10.536,13132.541,254246,766.5,451,106.285,9.645,1.038,0.963,0.983
169,1563,S4,C4,19,120.041,199.497,171,249,44.255,0.77,14.331,23947.934,463632,522,413.5,169.492,11.705,1.253,0.798,0.965
170,1563,S4,C5,20,58.729,154.432,123,226,31.31,0.753,11.023,9069.68,175589,662.5,53,132.075,7.356,1.504,0.665,0.943
171,1563,S5,C1,21,118.543,152.458,120,233,43.765,0.778,14.659,18072.934,349892,1961,863,150.255,11.07,1.302,0.768,0.968
172,1563,S5,C2,22,90.754,149.742,119,210,37.658,0.804,12.281,13589.669,263096,1755,859,38.991,10.157,1.167,0.857,0.962
173,1563,S5,C3,23,115.496,155.445,118,246,47.82,0.635,15.877,17953.254,347575,1823,480,166.759,8.864,1.746,0.573,0.972
174,1563,S5,C4,24,101.756,146.902,114,220,40.655,0.774,15.007,14948.14,289396,2081,824,54.866,9.271,1.623,0.616,0.96
175,1563,S5,C5,25,72.366,190.966,149,246,36.752,0.673,13.318,13819.421,267544,1827,248,25.253,8.169,1.605,0.623,0.939
176,1846,S1,C1,1,46.643,136.57,102,240,30.38,0.635,10.01,6369.99,123323,1229,580,39.472,5.997,1.632,0.613,0.93
177,1846,S1,C2,2,58.781,118.89,96,172,30.901,0.774,10.72,6988.481,135297,1141,621,158.875,6.928,1.561,0.64,0.949
178,1846,S1,C3,3,61.622,118.331,90,186,34.5,0.651,12.746,7291.787,141169,1330,1049,50.064,7.714,1.688,0.592,0.872
179,1846,S1,C4,4,75,118.652,88,192,36.171,0.72,13.168,8898.864,172282,1471,994,158.749,8.599,1.561,0.641,0.953
180,1846,S1,C5,5,103.616,159.958,136,228,46.457,0.603,13.478,16574.174,320876,839,433,84.193,10.427,1.277,0.783,0.935
181,1846,S2,C1,6,218.75,118.641,74,177,60.22,0.758,21.669,25952.738,502445,1996,317,114.146,15.883,1.266,0.79,0.924
182,1846,S2,C2,7,100.671,118.063,96,176,39.841,0.797,13.463,11885.589,230105,2091,517,111.801,10.493,1.235,0.81,0.96
183,1846,S2,C3,8,82.8,118.153,90,164,37.148,0.754,12.826,9783.058,189400,2194,521,29.745,8.271,1.57,0.637,0.962
184,1846,S2,C4,9,113.895,115.618,85,169,44.499,0.723,15.641,13168.233,254937,2011,446,35.538,10.253,1.567,0.638,0.97
185,1846,S2,C5,10,98.76,120.211,84,194,40.845,0.744,14.773,11872.107,229844,1885,526,53.13,10.59,1.293,0.774,0.941
186,1846,S3,C1,11,105.94,108.479,87,180,42.989,0.72,14.889,11492.304,222491,1089,1344,167.661,9.901,1.55,0.645,0.953
187,1846,S3,C2,12,110.227,116.418,95,160,40.712,0.836,14.224,12832.49,248437,1284,1206,12.926,10.462,1.363,0.734,0.95
188,1846,S3,C3,13,128.306,109.863,87,154,44.393,0.818,15.885,14096.074,272900,1290,1428,70.787,11.143,1.327,0.754,0.958
189,1846,S3,C4,14,76.085,109.409,83,162,37.136,0.693,12.533,8324.38,161160,970,1137,94.16,9.097,1.379,0.725,0.855
190,1846,S3,C5,15,76.653,110.592,83,158,35.051,0.784,11.77,8477.169,164118,1011,963,79.992,8.505,1.37,0.73,0.963
191,1846,S4,C1,16,104.39,134.716,94,215,40.162,0.813,15.563,14063.068,272261,955,1316,61.189,9.838,1.49,0.671,0.957
192,1846,S4,C2,17,150.93,143.142,107,195,52.113,0.698,16.916,21604.39,418261,1115,1220,149.3,11.576,1.586,0.631,0.91
193,1846,S4,C3,18,141.374,94.856,66,164,49.575,0.723,17.689,13410.124,259620,830,1294,42.917,10.601,1.695,0.59,0.961
194,1846,S4,C4,19,117.665,135.839,88,229,42.869,0.805,16.294,15983.574,309442,890,1043,120.141,9.52,1.696,0.59,0.969
195,1846,S4,C5,20,86.57,145.126,104,220,37.516,0.773,12.721,12563.636,243232,706,1044,41.379,9.252,1.261,0.793,0.965
196,1846,S5,C1,21,189.514,136.501,109,176,53.89,0.82,17.584,25869.008,500824,360,968,14.216,15.053,1.149,0.87,0.95
197,1846,S5,C2,22,68.698,122.349,95,177,33.544,0.767,11.192,8405.165,162724,513,1080,29.168,8.035,1.385,0.722,0.927
198,1846,S5,C3,23,71.591,127.81,95,162,36.363,0.68,14.876,9150.052,177145,528.333,889,56.634,6.564,2.407,0.415,0.96
199,1846,S5,C4,24,143.182,119.504,88,175,47.596,0.794,17.081,17110.847,331266,563.333,927.667,61.957,11.32,1.501,0.666,0.992
200,1846,S5,C5,25,78.512,133.414,109,182,35.49,0.783,11.366,10474.638,202789,292,950,168.465,9.545,1.095,0.913,0.938
201,1847,S1,C1,1,110.589,174.918,158,205,41.88,0.792,13.969,19344.008,374500,1668,762,21.975,10.709,1.233,0.811,0.96
202,1847,S1,C2,2,117.975,186.297,170,217,44.871,0.736,17.035,21978.409,425502,1928,775,166.891,9.091,1.867,0.535,0.961
203,1847,S1,C3,3,103.977,173.128,155,204,44.103,0.672,15.877,18001.395,348507,1469,677,166.759,9.259,1.673,0.598,0.915
204,1847,S1,C4,4,148.605,168.568,141,208,50.009,0.747,15.476,25050.103,484970,1669,1291,29.954,13.254,1.139,0.878,0.956
205,1847,S1,C5,5,127.066,162.211,139,200,45.279,0.779,15.05,20611.57,399040,1471,1210,14.876,11.891,1.214,0.823,0.96
206,1847,S2,C1,6,208.678,161.313,146,181,55.521,0.851,17.487,33662.397,651704,1513,872,98.973,15.901,1.032,0.969,0.97
207,1847,S2,C2,7,110.176,172.258,158,204,43.728,0.724,13.644,18978.616,367426,1036,1114,119.982,11.362,1.217,0.821,0.954
208,1847,S2,C3,8,168.13,170.009,144,216,49.635,0.858,16.505,28583.574,553378,1414,1337,128.29,13.721,1.196,0.836,0.97
209,1847,S2,C4,9,86.519,157.433,133,205,38.286,0.742,12.65,13620.919,263701,1316,1681,17.784,10.168,1.245,0.803,0.92
210,1847,S2,C5,10,155.062,170.151,150,213,48.71,0.821,16.104,26383.884,510792,2296,532,171.069,12.795,1.261,0.793,0.965
211,1847,S3,C1,11,128.048,156.766,134,203,44.425,0.815,15.288,20073.554,388624,1444,399,168.857,10.642,1.353,0.739,0.963
212,1847,S3,C2,12,88.533,166.937,144,205,37.766,0.78,12.481,14779.442,286130,1632,554,169.509,9.091,1.318,0.759,0.961
213,1847,S3,C3,13,152.634,165.8,137,213,50.569,0.75,15.963,25306.767,489939,1682,260,28.025,13.505,1.048,0.955,0.95
214,1847,S3,C4,14,108.264,164.27,147,181,39.908,0.854,13.997,17784.556,344309,1765,334,122.4,10.671,1.324,0.755,0.967
215,1847,S3,C5,15,76.756,164.191,140,198,36.529,0.723,14.175,12602.686,243988,1580,421,167.969,7.5,1.949,0.513,0.94
216,1847,S4,C1,16,36.002,186.135,171,221,25.393,0.702,8.878,6701.24,129736,1569.333,1004.333,27.44,5.606,1.566,0.639,0.982
217,1847,S4,C2,17,84.143,194.132,167,237,34.903,0.868,11.942,16334.762,316241,1622.667,1161.667,35.707,8.788,1.306,0.766,0.981
218,1847,S4,C3,18,52.479,207.376,182,243,29.003,0.784,9.586,10882.955,210694,1545,1178,109.867,7.109,1.337,0.748,0.977
219,1847,S4,C4,19,56.353,175.405,153,212,30.322,0.77,11.749,9884.659,191367,1581.667,1327.333,159.228,6.579,1.83,0.547,0.987
220,1847,S4,C5,20,77.066,184.013,157,234,33.337,0.871,12.267,14181.147,274547,1586,1507,22.13,8.094,1.482,0.675,0.981
221,1847,S5,C1,21,131.405,165.086,149,207,44.426,0.837,15.51,21693.079,419978,1431,822,34.854,12.347,1.268,0.789,0.955
222,1847,S5,C2,22,130.579,164.096,146,206,48.45,0.699,18.869,21427.428,414835,1331,662,9.009,9.21,2.111,0.474,0.958
223,1847,S5,C3,23,85.021,171.448,154,202,35.395,0.853,12.207,14576.601,282203,1212,662,28.951,9.544,1.225,0.816,0.954
224,1847,S5,C4,24,103.926,181.902,168,207,40.249,0.806,13.252,18904.236,365986,1315,882,59.036,11.068,1.126,0.888,0.954
225,1847,S5,C5,25,88.275,158.848,143,199,38.69,0.741,14.988,14022.314,271472,1436,288,130.696,9.16,1.606,0.623,0.942
226,2198,S1,C1,1,346.488,163.321,140,205,77.764,0.72,23.629,56588.688,1095557,1406,1070,43.831,19.318,1.15,0.869,0.981
227,2198,S1,C2,2,270.3,157.925,133,207,67.74,0.74,23.571,42687.138,826423,1510,1142,39.523,15.617,1.546,0.647,0.963
228,2198,S1,C3,3,376.911,151.58,129,203,78.386,0.771,24.079,57132.283,1106081,1540,1217,123.84,20.455,1.127,0.887,0.979
229,2198,S1,C4,4,372.314,165.72,140,213,78.603,0.757,24.867,61700.052,1194513,1385,1054,30.784,19.672,1.281,0.781,0.967
230,2198,S1,C5,5,71.229,161.453,133,215,32.339,0.856,12.365,11500.155,222643,1637,1084,143.973,8.545,1.439,0.695,0.943
231,2198,S2,C1,6,247.572,157.179,133,204,64.647,0.744,22.508,38913.171,753359,1509,1137,46.637,17.232,1.401,0.714,0.929
232,2198,S2,C2,7,203.048,147.712,124,198,53.785,0.882,16.983,29992.562,580656,2335,1423,15.524,15.672,1.046,0.956,0.975
233,2198,S2,C3,8,310.434,137.635,113,197,71.946,0.754,23.819,42726.705,827189,2397,1216,138.094,16.271,1.464,0.683,0.956
234,2198,S2,C4,9,244.576,140.948,114,185,61.394,0.815,20.642,34472.572,667389,129,559,118.258,16.343,1.279,0.782,0.972
235,2198,S2,C5,10,338.12,185.441,159,240,73.747,0.781,26.001,62701.291,1213897,1417,187,126.469,17.106,1.531,0.653,0.974
236,2198,S3,C1,11,190.238,160.501,136,208,53.195,0.845,19.096,30533.419,591127,1524,271,51.766,13.955,1.343,0.745,0.982
237,2198,S3,C2,12,262.603,144.333,116,202,63.335,0.823,22.274,37902.376,733790,1507,461,28.657,15.81,1.372,0.729,0.952
238,2198,S3,C3,13,200.826,167.008,128,229,58.173,0.746,19.648,33539.566,649326,1710,307,119.827,14.875,1.262,0.793,0.971
239,2198,S3,C4,14,0.258,220.4,219,222,2.112,0.727,0.964,56.921,1102,1644,761,135,0.321,2.308,0.433,1.25
240,2198,S3,C5,15,171.798,152.468,113,213,63.253,0.54,20.611,26193.647,507109,1469,873,41.424,11.127,1.928,0.519,0.917
241,2198,S4,C1,16,287.655,189.658,164,242,66.133,0.827,24.001,54555.94,1056203,1216,1073,155.376,17.021,1.376,0.726,0.976
242,2198,S4,C2,17,289.463,200.779,176,245,65.55,0.847,22.955,58118.182,1125168,1646,1154,168.579,16.215,1.421,0.704,0.971
243,2198,S4,C3,18,226.601,180.161,147,231,61.139,0.762,21.947,40824.69,790366,1043,1130,31.88,14.409,1.522,0.657,0.971
244,2198,S4,C4,19,241.167,197.782,160,242,63.633,0.748,21.447,47698.657,923446,408,1826,40.272,16.384,1.265,0.79,0.975
245,2198,S4,C5,20,261.364,173.904,150,217,63.008,0.827,20.147,45452.273,879956,1787,632,11.056,16.818,1.169,0.855,0.976
246,2198,S5,C1,21,292.872,146.636,116,204,67.652,0.804,21.652,42945.455,831424,1173,666,50.964,18.781,1.16,0.862,0.957
247,2198,S5,C2,22,166.116,138.279,118,185,49.705,0.845,17.907,22970.351,444706,1101,734,156.038,13.499,1.299,0.77,0.949
248,2198,S5,C3,23,460.382,148.082,121,209,95.375,0.636,27.518,68174.329,1319855,1215,746,22.329,21.794,1.289,0.776,0.954
249,2198,S5,C4,24,345.3,161.227,141,220,74.149,0.789,24.001,55671.746,1077805,554,1352,37.304,20,1.127,0.887,0.963
250,2198,S5,C5,25,223.967,162.02,136,217,65.426,0.657,21.594,36287.087,702518,810,1388,149.657,15.404,1.522,0.657,0.903
251,2199,S1,C1,1,235.675,126.742,101,196,61.318,0.788,19.744,29869.938,588844,435,1101,11.182,16.181,1.223,0.818,0.934
252,2199,S1,C2,2,105.156,115.748,91,197,40.024,0.825,13.156,12171.547,239945,479,1154,38.047,11.042,1.105,0.905,0.948
253,2199,S1,C3,3,168.97,137.906,115,204,51.664,0.795,16.764,23301.883,459364,595,1099,30.7,13.675,1.135,0.881,0.939
254,2199,S1,C4,4,169.325,132.313,104,197,50.746,0.826,16.272,22403.924,441662,467,1188,131.634,14.203,1.074,0.931,0.954
255,2199,S1,C5,5,82.887,100.601,69,170,36.392,0.786,11.705,8338.507,164382,707,1385,11.094,9.553,1.283,0.779,0.922
256,2199,S2,C1,6,115.758,131.862,95,224,43.057,0.785,14.191,15264.082,300910,1459,518,35.961,11.261,1.22,0.82,0.962
257,2199,S2,C2,7,91.46,140.222,101,237,40.494,0.701,14.246,12824.649,252820,1471,881,39.226,9.715,1.504,0.665,0.938
258,2199,S2,C3,8,87.604,118.668,84,233,40.51,0.671,13.893,10395.818,204939,1230,486,70.096,8.108,1.729,0.578,0.94
259,2199,S2,C4,9,97.344,131.9,95,203,39.305,0.792,13.393,12839.664,253116,1457,518,42.274,10.12,1.27,0.787,0.961
260,2199,S2,C5,10,55.292,127.496,84,230,32.445,0.66,9.275,7049.499,138971,1263,488,150.945,8.333,1.068,0.936,0.968
261,2199,S3,C1,11,92.981,193.648,131,249,39.809,0.737,13.001,18005.692,354957,1112,693,165.964,9.955,1.234,0.81,0.937
262,2199,S3,C2,12,46.618,130.786,102,224,27.967,0.749,9.971,6096.908,120192,1549,1111,161.565,7.363,1.323,0.756,0.882
263,2199,S3,C3,13,112.004,115.384,88,230,44.787,0.702,17.041,12923.464,254768,1169,1268,172.405,9.459,1.865,0.536,0.94
264,2199,S3,C4,14,82.38,130.959,101,221,38.257,0.707,11.926,10788.39,212678,907,850,169.114,9.871,1.175,0.851,0.931
265,2199,S3,C5,15,180.535,98.303,71,178,55.806,0.728,18.695,17747.139,349860,884,1133,148.799,13.624,1.363,0.734,0.955
266,2199,S4,C1,16,90.445,141.146,106,236,36.333,0.861,12.097,12766.009,251664,1535,959,65.821,10.36,1.076,0.929,0.954
267,2199,S4,C2,17,85.575,135.948,99,238,35.967,0.831,11.398,11633.796,229344,1570,1030,52.224,9.982,1.069,0.936,0.962
268,2199,S4,C3,18,63.205,143.143,114,217,37.072,0.578,12.776,9047.358,178356,1542,1091,40.711,7.962,1.758,0.569,0.914
269,2199,S4,C4,19,179.673,126.195,97,221,56.127,0.717,18.551,22673.738,446981,1259,1448,150.945,12.839,1.449,0.69,0.961
270,2199,S4,C5,20,158.114,161.992,129,239,52.451,0.722,17.153,25613.231,504929,1230,1085,60.068,13.912,1.09,0.917,0.905
271,2199,S5,C1,21,73.503,111.562,81,180,39.592,0.589,11.973,8200.126,161654,603,707,163.61,9.448,1.092,0.916,0.898
272,2199,S5,C2,22,161.006,120.563,90,176,51.276,0.77,16.85,19411.32,382667,674,796,81.545,12.838,1.273,0.786,0.963
273,2199,S5,C3,23,104.192,123.72,95,198,41.379,0.765,14.365,12890.593,254120,636,1317,48.814,9.948,1.328,0.753,0.956
274,2199,S5,C4,24,185.05,126.454,98,187,57.63,0.7,18.249,23400.292,461304,595,1483,65.966,14.073,1.312,0.762,0.967
275,2199,S5,C5,25,106.069,113.936,85,164,39.919,0.836,14.317,12085.058,238240,671,1486,19.29,10.257,1.392,0.718,0.954
276,2264,S1,C1,1,57.574,144.53,126,190,29.823,0.813,10.185,8321.21,164041,1185,1060,71.966,8.333,1.201,0.833,0.935
277,2264,S1,C2,2,51.893,131.492,111,173,27.083,0.889,9.333,6823.513,134516,1038,817,109.747,7.432,1.154,0.866,0.953
278,2264,S1,C3,3,78.474,152.661,133,216,33.829,0.862,11.546,11979.902,236167,970,1133,110.556,9.009,1.167,0.857,0.966
279,2264,S1,C4,4,59.248,144.036,125,198,30.89,0.78,9.726,8533.906,168234,1002,1100,132.184,8.102,1.096,0.912,0.956
280,2264,S1,C5,5,77.104,162.805,136,209,34.054,0.836,10.707,12552.958,247464,1110,1562,112.249,9.871,1.053,0.95,0.961
281,2264,S2,C1,6,48.647,142.122,119,202,27.918,0.784,8.967,6913.755,136295,766,1770,154.722,7.478,1.121,0.892,0.927
282,2264,S2,C2,7,141.374,176.109,154,214,49.914,0.713,16.79,24897.38,490817,1807,875.5,29.316,11.627,1.44,0.695,0.936
283,2264,S2,C3,8,56.763,134.819,111,208,29.592,0.815,9.516,7652.686,150862,1748.5,820.5,129.719,8.483,1.091,0.917,0.947
284,2264,S2,C4,9,128.49,137.726,111,218,43.285,0.862,14.666,17696.413,348860,1926,1642,169.38,11.144,1.273,0.785,0.961
285,2264,S2,C5,10,88.264,123.96,99,179,35.496,0.88,11.694,10941.178,215690,1901,225,15.642,9.91,1.16,0.862,0.96
286,2264,S3,C1,11,86.336,176.184,144,231,36.687,0.806,11.99,15211.123,299866,1736,694,28.009,9.234,1.26,0.794,0.972
287,2264,S3,C2,12,83.851,170.383,147,214,34.854,0.867,11.504,14286.736,281643,1798,582,156.949,10.114,1.107,0.903,0.965
288,2264,S3,C3,13,103.482,156.352,129,224,40.643,0.787,13.538,16179.642,318959,1569,387,134.326,10.536,1.33,0.752,0.954
289,2264,S3,C4,14,71.829,170.343,139,228,33.974,0.782,10.557,12235.513,241206,1809,488,168.93,9.259,1.084,0.922,0.949
290,2264,S3,C5,15,93.489,154.934,128,218,40.38,0.72,12.013,14484.62,285544,1501,1254,96.459,10.36,1.124,0.889,0.966
291,2264,S4,C1,16,76.039,169.915,141,211,34.264,0.814,11.901,12920.167,254703,291,190,29.476,8.559,1.373,0.728,0.951
292,2264,S4,C2,17,111.344,157.082,130,221,43.624,0.735,13.219,17490.159,344794,272,656,23.07,11.504,1.148,0.871,0.959
293,2264,S4,C3,18,155.984,166.05,141,214,48.725,0.826,15.953,25901.155,510605,142,1025,149.452,13.675,1.132,0.884,0.961
294,2264,S4,C4,19,83.394,165.37,146,216,35.443,0.834,13.156,13790.936,271869,173,899,51.953,9.237,1.403,0.713,0.964
295,2264,S4,C5,20,60.922,172.34,147,212,31.453,0.774,10.205,10499.351,206980,596,264,157.964,8.559,1.13,0.885,0.953
296,2264,S5,C1,21,85.322,168.167,151,205,38.247,0.733,11.688,14348.318,282857,1169,1033,115.084,9.91,1.096,0.913,0.958
297,2264,S5,C2,22,69.191,148.772,122,193,33.128,0.792,10.999,10293.655,202925,1463,885,169.38,8.108,1.333,0.75,0.961
298,2264,S5,C3,23,94.097,172.64,148,217,38.796,0.786,13.133,16244.978,320247,1381,1192,120.964,9.878,1.26,0.794,0.941
299,2264,S5,C4,24,113.069,161.492,146,208,42.097,0.802,13.514,18259.78,359966,1210,1412,53.13,11.369,1.121,0.892,0.956
300,2264,S5,C5,25,82.684,169.61,148,217,35.148,0.841,12.516,14024.024,276464,1381,1196,120.256,8.809,1.378,0.726,0.957
301,2368,S1,C1,1,209.094,93.195,65,129,55.489,0.853,18.649,19486.446,384148,1949,247,52.853,15.504,1.182,0.846,0.973
302,2368,S1,C2,2,224.515,112.905,91,148,59.87,0.787,19.553,25348.795,499716,2389,1091,114.499,14.64,1.28,0.781,0.964
303,2368,S1,C3,3,73.147,102.074,79,145,34.938,0.753,10.794,7466.47,147191,2441,1202,66.644,9.234,1.152,0.868,0.955
304,2368,S1,C4,4,156.643,104.097,78,183,55.012,0.65,16.715,16306.053,321451,1644,1531,14.036,13.009,1.209,0.827,0.927
305,2368,S1,C5,5,100.793,111.365,81,156,40.864,0.759,12.51,11224.84,221282,1955,1728,113.334,11.382,1.034,0.967,0.942
306,2368,S2,C1,6,88.061,151.923,126,208,36.783,0.818,11.824,13378.48,263738,1407,1123,107.745,9.656,1.194,0.837,0.953
307,2368,S2,C2,7,102.721,161.252,133,202,39.588,0.824,14.316,16563.946,326535,1576,1208,12.724,9.364,1.591,0.628,0.949
308,2368,S2,C3,8,91.054,127.729,107,173,36.972,0.837,12.564,11630.245,229274,1514,1391,165.466,9.954,1.119,0.893,0.942
309,2368,S2,C4,9,163.593,135.461,105,187,51.286,0.782,16.563,22160.387,436861,1199,1111,157.62,13.739,1.161,0.861,0.96
310,2368,S2,C5,10,162.882,101.898,83,167,54.226,0.696,17.884,16597.374,327194,1124,1365,84.218,12.613,1.333,0.75,0.961
311,2368,S3,C1,11,126.157,145.819,129,178,43.745,0.828,16.478,18395.98,362651,977,1068,111.656,10.979,1.483,0.674,0.951
312,2368,S3,C2,12,199.862,125.103,100,166,58.429,0.736,21.206,25003.348,492906,549,1053,22.479,12.483,1.807,0.553,0.933
313,2368,S3,C3,13,109.468,164.367,125,225,41.989,0.78,13.334,17992.858,354704,922,1356,15.68,11.396,1.116,0.896,0.95
314,2368,S3,C4,14,112.511,137.651,114,193,42.412,0.786,15.319,15487.278,305310,623,571,131.424,10.222,1.542,0.648,0.955
315,2368,S3,C5,15,103.685,142.089,117,188,41.501,0.756,13.829,14732.418,290429,931,133,37.057,10.763,1.293,0.773,0.958
316,2368,S4,C1,16,246.682,141.198,100,222,62.139,0.803,20.489,34830.98,686644,1086,1245,33.341,15.766,1.325,0.755,0.964
317,2368,S4,C2,17,122.048,126.791,102,173,62.873,0.388,15.342,15474.545,305059,1266,521,130.236,11.989,1.325,0.755,0.865
318,2368,S4,C3,18,112.207,97.653,71,173,42.687,0.774,14.347,10957.309,216008,1602,475,132.455,10.944,1.196,0.836,0.922
319,2368,S4,C4,19,71.676,84.028,60,170,39.857,0.567,14.82,6022.796,118731,1581,678,16.783,8.233,1.905,0.525,0.881
320,2368,S4,C5,20,79.894,117.971,83,204,37.544,0.712,11.817,9425.219,185805,1642,1693,82.333,9.685,1.196,0.836,0.915
321,2368,S5,C1,21,188.398,108.082,82,161,55.434,0.77,18.031,20362.389,401416,2248,650,64.075,13.811,1.303,0.768,0.951
322,2368,S5,C2,22,94.503,109.774,71,190,37.771,0.832,13.618,10374.006,204509,1837,811,124.216,10.095,1.269,0.788,0.94
323,2368,S5,C3,23,122.707,104.076,75,187,46.334,0.718,15.35,12770.879,251760,2272,1189,22.426,10.811,1.396,0.716,0.939
324,2368,S5,C4,24,114.895,98.874,73,147,45.876,0.686,14.563,11360.127,223949,2199,1566,50.648,11.944,1.333,0.75,0.909
325,2368,S5,C5,25,125.142,92.479,64,151,45.423,0.762,16.517,11573.026,228146,2395,1556,174.523,11.261,1.374,0.728,0.921
326,2386,S1,C1,1,78.829,108.093,75,228,35.678,0.778,11.926,8520.869,167977,1321,356,10.886,9.07,1.287,0.777,0.94
327,2386,S1,C2,2,155.121,81.446,65,133,50.99,0.75,17.418,12633.968,249061,1555,722,49.72,12.087,1.446,0.691,0.968
328,2386,S1,C3,3,138.077,110.109,79,209,48.312,0.743,16.237,15203.616,299718,1320,1481,113.72,11.712,1.292,0.774,0.964
329,2386,S1,C4,4,116.366,77.143,59,135,46.644,0.672,15.904,8976.899,176967,1672,711,12.265,9.414,1.658,0.603,0.965
330,2386,S1,C5,5,203.869,91.933,68,152,59.148,0.732,21.23,18742.391,369480,1592,793,41.129,12.876,1.666,0.6,0.961
331,2386,S2,C1,6,78.474,139.548,91,245,38.068,0.68,13.075,10950.816,215880,326,784,132.207,9.124,1.351,0.74,0.934
332,2386,S2,C2,7,59.604,85.271,65,130,30.063,0.829,10.576,5082.43,100193,661,1279,63.435,8.108,1.321,0.757,0.956
333,2386,S2,C3,8,55.9,111.76,85,185,29.151,0.827,9.245,6247.464,123160,499,463,34.077,8.333,1.049,0.953,0.95
334,2386,S2,C4,9,104.547,101.003,72,185,40.825,0.788,12.491,10559.614,208168,205,1439,25.641,11.467,1.092,0.916,0.955
335,2386,S2,C5,10,79.59,109.847,81,220,36.582,0.747,14.673,8742.695,172350,129,1487,17.879,8.103,1.826,0.548,0.923
336,2386,S3,C1,11,185.506,79.042,57,136,53.021,0.829,16.269,14662.872,289058,1517,560,158.051,14.635,1.12,0.893,0.973
337,2386,S3,C2,12,189.463,85.124,62,143,58.107,0.705,19.343,16127.851,317938,983,1135,62.241,15.934,1.36,0.735,0.913
338,2386,S3,C3,13,174.296,88.815,65,173,61.664,0.576,20.954,15480.125,305169,1071,1036,64.537,12.461,1.812,0.552,0.908
339,2386,S3,C4,14,154.107,101.572,70,175,50.56,0.758,16.662,15653.001,308577,868,1086,13.285,13.894,1.1,0.909,0.941
340,2386,S3,C5,15,142.541,67.338,45,180,47.438,0.796,16.031,9598.501,189221,1369,296,65.956,12.543,1.209,0.827,0.966
341,2386,S4,C1,16,335.86,115.45,80,181,72.126,0.811,24.375,38774.856,764392,1304,414,35.599,18.615,1.305,0.766,0.977
342,2386,S4,C2,17,106.881,106.83,87,179,40.081,0.836,15.212,11418.057,225091,1278,1068,64.573,10.83,1.368,0.731,0.957
343,2386,S4,C3,18,120.881,110.022,76,167,43.038,0.82,13.929,13299.6,262183,1187,959,140.906,11.892,1.119,0.894,0.957
344,2386,S4,C4,19,113.576,117.129,81,198,42.969,0.773,15.002,13303.1,262252,1347,1055,82.235,10.194,1.429,0.7,0.947
345,2386,S4,C5,20,168.462,77.482,59,137,51.337,0.803,17.19,13052.816,257318,908,1648,148.392,14.404,1.141,0.877,0.95
346,2386,S5,C1,21,235.117,115.987,83,156,65.201,0.695,19.743,27270.463,537599,1116,1352,124.778,17.187,1.177,0.85,0.908
347,2386,S5,C2,22,229.537,92.371,67,152,59.11,0.826,20.302,21202.52,417978,1274,1459,72.57,15.822,1.215,0.823,0.958
348,2386,S5,C3,23,115.453,91.693,61,151,43.239,0.776,14.887,10586.296,208694,1357,1485,79.54,10.36,1.378,0.726,0.962
349,2386,S5,C4,24,116.417,94.936,67,177,42.498,0.81,13.788,11052.116,217877,1190,1200,38.367,11.744,1.174,0.852,0.948
350,2386,S5,C5,25,132.852,105.385,75,205,47.035,0.755,15.257,14000.639,276003,1374,1262,121.109,12.613,1.215,0.823,0.927
351,2408,S1,C1,1,77.611,131.571,108,179,34.582,0.816,11.654,10211.377,201303,1146.5,372,84.455,9.009,1.246,0.803,0.974
352,2408,S1,C2,2,74.568,135.482,111,194,32.906,0.865,11.872,10102.62,199159,1186,346,38.066,8.441,1.393,0.718,0.981
353,2408,S1,C3,3,58.132,137.947,117,159,29.114,0.862,10.074,8019.185,158087,1046.5,397.5,5.774,7.77,1.266,0.79,0.965
354,2408,S1,C4,4,38.704,144.446,122,182,25.997,0.72,9.406,5590.658,110212,1236,406.5,163.301,6.409,1.452,0.689,0.93
355,2408,S1,C5,5,81.619,112.4,83,194,35.997,0.792,12.465,9173.921,180851,1050.5,773,67.141,10.019,1.163,0.86,0.97
356,2408,S2,C1,6,71.676,148.982,123,176,33.982,0.78,11.594,10678.466,210511,1173,805,60.945,8.763,1.321,0.757,0.963
357,2408,S2,C2,7,121.743,133.778,101,173,46.738,0.7,14.589,16286.624,321068,1097,772,171.119,11.937,1.126,0.888,0.942
358,2408,S2,C3,8,67.568,154.143,113,201,32.79,0.79,11.091,10415.043,205318,2043,1690,12.907,8.108,1.315,0.76,0.945
359,2408,S2,C4,9,49.205,119.627,94,173,27.936,0.792,9.871,5886.19,116038,1964,1792,55.222,6.746,1.449,0.69,0.944
360,2408,S2,C5,10,56.966,152.57,138,179,28.389,0.888,9.758,8691.259,171336,1090,922,108.853,7.883,1.184,0.845,0.966
361,2408,S3,C1,11,62.14,139.398,108,195,30.639,0.832,10.778,8662.142,170762,709,720,169.16,7.852,1.323,0.756,0.95
362,2408,S3,C2,12,170.644,117.919,92,170,51.386,0.812,17.609,20122.048,396678,948,795,20.985,12.633,1.343,0.745,0.97
363,2408,S3,C3,13,69.089,135.858,120,177,33.622,0.768,11.369,9386.312,185038,974,1098,33.69,8.108,1.402,0.714,0.959
364,2408,S3,C4,14,72.184,131.293,108,167,34.792,0.749,11.148,9477.214,186830,494,737,171.87,8.559,1.224,0.817,0.964
365,2408,S3,C5,15,72.387,139.848,119,192,34.879,0.748,12.759,10123.113,199563,841,1075,20.674,7.793,1.726,0.58,0.955
366,2408,S4,C1,16,158.52,126.012,89,185,49.711,0.806,15.37,19975.398,393787,1607,145,34.854,13.288,1.089,0.918,0.974
367,2408,S4,C2,17,84.054,126.408,102,176,39.79,0.667,14.109,10625.051,209458,1316,734,163.301,9.115,1.575,0.635,0.907
368,2408,S4,C3,18,58.335,127.616,108,166,30.342,0.796,11.613,7444.505,146758,978,779,2.779,7.167,1.532,0.653,0.971
369,2408,S4,C4,19,67.923,116.704,92,162,34.338,0.724,12.876,7926.812,156266,996.5,657.5,39.677,8.047,1.665,0.601,0.944
370,2408,S4,C5,20,29.472,136.933,109,183,24.177,0.634,8.074,4035.691,79558,1032.5,893.5,22.989,4.924,1.651,0.606,0.957
371,2408,S5,C1,21,77.459,164.353,136,208,36.05,0.749,11.686,12730.653,250967,1624,667,27.553,8.934,1.289,0.776,0.955
372,2408,S5,C2,22,95.619,165.996,147,186,41.6,0.694,13.336,15872.443,312903,1027,955,85.156,9.43,1.454,0.688,0.913
373,2408,S5,C3,23,56.002,157.517,138,192,30.033,0.78,9.871,8821.271,173899,928,1184,34.778,7.658,1.307,0.765,0.944
374,2408,S5,C4,24,41.443,170.754,149,200,29.56,0.596,9.502,7076.637,139506,1076,1133,31.43,6.225,1.511,0.662,0.918
375,2408,S5,C5,25,72.437,169.164,139,217,33.026,0.835,10.981,12253.774,241566,780,1540,154.486,9.234,1.123,0.89,0.953
376,2424,S1,C1,1,32.769,110.735,93,155,22.164,0.838,7.474,3628.713,71535,1122,355.5,96.054,5.86,1.282,0.78,0.945
377,2424,S1,C2,2,59.248,97.113,75,144,29.673,0.846,10.106,5753.794,113428,1227,573.5,14.191,7.731,1.344,0.744,0.96
378,2424,S1,C3,3,56.661,121.77,100,168,28.539,0.874,9.643,6899.653,136017,967.667,460,155.63,7.582,1.266,0.79,0.984
379,2424,S1,C4,4,27.443,134.113,108,195,20.481,0.822,8.048,3680.454,72555,1435,401,17.928,4.899,1.647,0.607,0.935
380,2424,S1,C5,5,60.669,98.833,75,147,30.595,0.814,10.681,5996.064,118204,1227,576,24.944,7.601,1.453,0.688,0.951
381,2424,S2,C1,6,44.791,197.109,166,251,29.199,0.66,8.97,8828.778,174047,1389,953,61.504,7.051,1.304,0.767,0.946
382,2424,S2,C2,7,43.878,194.795,161,254,26.001,0.816,9.851,8547.297,168498,1328,752,79.461,6.196,1.584,0.631,0.938
383,2424,S2,C3,8,34.443,204.704,168,254,24.694,0.71,9.368,7050.666,138994,1676,830,9.689,5.084,1.856,0.539,0.936
384,2424,S2,C4,9,38.146,174.827,149,220,24.857,0.776,8.784,6669,131470,1731,1252,22.62,6.367,1.4,0.714,0.893
385,2424,S2,C5,10,45.958,153.497,127,216,26.662,0.812,10.282,7054.419,139068,1169,758,118.811,5.903,1.78,0.562,0.948
386,2424,S3,C1,11,27.595,101.597,87,142,19.854,0.88,6.861,2803.598,55269,1494,1137,113.199,5.54,1.219,0.82,0.947
387,2424,S3,C2,12,39.262,98.227,72,185,24.432,0.827,8.288,3856.627,76028,1453,871,132.797,6.639,1.245,0.803,0.942
388,2424,S3,C3,13,21.762,146.935,114,215,17.571,0.886,6.127,3197.539,63035,1402,704,72.897,4.681,1.281,0.781,0.937
389,2424,S3,C4,14,29.827,97.253,80,133,22.432,0.745,7.554,2900.789,57185,1611,1161,169.695,5.18,1.446,0.691,0.952
390,2424,S3,C5,15,52.197,120.617,93,186,26.726,0.918,9.168,6295.907,124115,1302,1044,27.824,7.644,1.182,0.846,0.961
391,2424,S4,C1,16,51.944,137.09,121,176,27.663,0.853,9.146,7120.972,140380,1177,1166,37.999,7.658,1.153,0.867,0.951
392,2424,S4,C2,17,40.327,162.41,132,232,23.907,0.887,8.547,6549.59,129116,1119,999,71.565,6.306,1.274,0.785,0.955
393,2424,S4,C3,18,51.792,142.215,122,189,29.671,0.739,9.009,7365.575,145202,1321,980,126.87,7.737,1.113,0.898,0.948
394,2424,S4,C4,19,42.154,130.981,115,170,26.565,0.751,10.848,5521.315,108845,1265,1046,131.634,5.574,1.959,0.51,0.938
395,2424,S4,C5,20,45.451,140.464,117,190,25.74,0.862,8.333,6384.222,125856,1181,1028,108.925,7.432,1.078,0.928,0.956
396,2424,S5,C1,21,60.618,112.216,92,158,30.472,0.82,9.641,6802.309,134098,1238.5,1451,14.199,7.958,1.161,0.862,0.974
397,2424,S5,C2,22,39.414,107.333,93,140,25.499,0.762,8.933,4230.48,83398,1222,1483.5,146.31,6.131,1.393,0.718,0.956
398,2424,S5,C3,23,45.451,125.114,98,179,26.203,0.832,9.703,5686.531,112102,1471,1527,111.801,6.495,1.514,0.661,0.932
399,2424,S5,C4,24,51.741,135.33,89,232,31.359,0.661,11.442,7002.12,138037,1467,1122,100.204,6.306,1.811,0.552,0.932
400,2424,S5,C5,25,41.139,107.847,93,149,25.152,0.817,8.074,4436.734,87464,1403,1516,67.011,6.871,1.149,0.87,0.944
401,2437,S1,C1,1,29.523,159.928,135,198,20.8,0.857,7.382,4721.512,93078,1385.5,1106,68.523,5.431,1.368,0.731,0.966
402,2437,S1,C2,2,22.573,125.31,104,179,20.915,0.648,7.615,2828.656,55763,1529.5,1109.5,38.395,4.085,2.019,0.495,0.924
403,2437,S1,C3,3,38.704,153.077,139,181,25.636,0.74,10.185,5924.742,116798,1707,1865,161.966,5.183,1.94,0.515,0.937
404,2437,S1,C4,4,25.87,119.451,82,180,19.884,0.822,6.909,3090.252,60920,1250,1354,109.026,4.955,1.209,0.827,0.947
405,2437,S1,C5,5,31.197,163.481,141,206,20.894,0.898,7.054,5100.083,100541,1546,1290,163.301,6.122,1.091,0.917,0.946
406,2437,S2,C1,6,28.407,147.643,133,173,20.547,0.846,7.429,4194.059,82680,1642,823,165.964,5.571,1.381,0.724,0.94
407,2437,S2,C2,7,18.211,149.755,129,187,17.753,0.726,5.498,2727.153,53762,1363,430,34.992,4.684,1.169,0.855,0.929
408,2437,S2,C3,8,26.378,157.538,145,184,21.181,0.739,7.934,4155.507,81920,929,1280,55.408,4.672,1.83,0.546,0.915
409,2437,S2,C4,9,20.138,163.879,149,209,18.587,0.733,6.578,3300.26,65060,269,508,51.953,4.556,1.504,0.665,0.898
410,2437,S2,C5,10,47.176,166.542,120,215,28.301,0.74,9.411,7856.708,154884,638,1705,158.962,6.744,1.329,0.752,0.93
411,2437,S3,C1,11,45.299,146.151,119,197,26.185,0.83,8.632,6620.455,130513,1152,865,105.124,7.695,1.089,0.918,0.931
412,2437,S3,C2,12,24.704,138.062,114,188,20.133,0.766,7.648,3410.64,67236,919,1265,13.627,4.73,1.633,0.612,0.915
413,2437,S3,C3,13,23.892,136.554,113,197,20.685,0.702,6.282,3262.57,64317,864,1234,14.534,5.338,1.184,0.845,0.929
414,2437,S3,C4,14,18.617,132.744,116,160,17.103,0.8,6.378,2471.238,48717,762,1228,132.138,4.331,1.493,0.67,0.922
415,2437,S3,C5,15,23.486,110.533,95,153,21.336,0.648,7.253,2596.025,51177,1181,872,25.769,4.719,1.51,0.662,0.88
416,2437,S4,C1,16,29.371,162.718,141,204,22.477,0.731,7.538,4779.137,94214,577,683,103.829,5.293,1.519,0.658,0.958
417,2437,S4,C2,17,26.581,136.994,112,188,20.964,0.76,7.941,3641.395,71785,488.5,755.5,18.178,4.955,1.579,0.633,0.959
418,2437,S4,C3,18,20.798,131.151,110,178,17.935,0.813,6.145,2727.66,53772,435.5,726,13.782,4.392,1.337,0.748,0.974
419,2437,S4,C4,19,25.211,119.056,102,151,21.898,0.661,7.765,3001.532,59171,777,541,19.486,4.32,1.853,0.54,0.936
420,2437,S4,C5,20,22.015,143.979,124,182,19.875,0.7,7.372,3169.741,62487,996.5,831.5,71.288,4.244,1.797,0.556,0.953
421,2437,S5,C1,21,45.603,155.956,138,189,27.751,0.744,11.892,7112.044,140204,1960,1123,37.304,5.574,2.046,0.489,0.953
422,2437,S5,C2,22,37.03,155.115,125,195,23.258,0.86,8.454,5743.953,113234,1743,1140,131.76,6.211,1.352,0.74,0.95
423,2437,S5,C3,23,29.979,100.186,75,161,22.207,0.764,8.382,3003.51,59210,1999,681,30.7,5.413,1.669,0.599,0.929
424,2437,S5,C4,24,46.262,156.155,109,217,28.58,0.712,9.745,7224.099,142413,1724,1018,146.31,6.34,1.563,0.64,0.934
425,2437,S5,C5,25,44.335,140.38,124,175,26.662,0.784,9.674,6223.724,122692,2213,1368,114.775,6.496,1.469,0.681,0.948
426,2497,S1,C1,1,28.153,117.56,98,159,19.875,0.896,6.914,3309.695,65246,1286.5,822,59.676,5.743,1.129,0.886,0.972
427,2497,S1,C2,2,25.262,129.456,107,180,19.391,0.844,6.965,3270.28,64469,1151.5,700,39.094,5.477,1.136,0.88,0.955
428,2497,S1,C3,3,46.82,183.876,141,250,28.459,0.726,8.576,8609.184,169718,689,870,13.671,7.975,1.027,0.974,0.935
429,2497,S1,C4,4,18.414,140.857,117,188,16.63,0.837,6.246,2593.692,51131,774,846,154.359,4.13,1.526,0.655,0.938
430,2497,S1,C5,5,19.935,123.02,96,187,23.74,0.445,6.749,2452.469,48347,737,975,115.71,4.459,1.52,0.658,0.869
431,2497,S2,C1,6,64.423,98.567,78,142,32.919,0.747,11.396,6349.931,125180,1547,985,161.565,7.86,1.425,0.702,0.911
432,2497,S2,C2,7,35.711,97.335,81,138,24.926,0.722,9.838,3475.976,68524,1665,1001,164.055,4.73,2.057,0.486,0.953
433,2497,S2,C3,8,47.886,139.987,112,208,26.539,0.854,9.703,6703.393,132148,1437,833,21.801,6.883,1.441,0.694,0.952
434,2497,S2,C4,9,41.038,103.909,84,150,23.887,0.904,8.415,4264.163,84062,1679,693,15.524,6.982,1.165,0.858,0.957
435,2497,S2,C5,10,38.197,123.138,94,198,25.922,0.714,9.408,4703.504,92723,1357,951,132.089,6.511,1.33,0.752,0.896
436,2497,S3,C1,11,83.343,155.973,136,193,38.739,0.698,13.094,12999.3,256263,602,953,40.815,9.087,1.472,0.68,0.951
437,2497,S3,C2,12,136.911,117.812,85,179,47.099,0.776,14.589,16129.677,317974,1175,881,98.881,12.79,1.097,0.912,0.957
438,2497,S3,C3,13,66.249,127.366,91,178,33.282,0.752,12.295,8437.83,166340,1156,1383,81.573,7.432,1.743,0.574,0.952
439,2497,S3,C4,14,76.698,158.554,137,192,35.274,0.775,11.209,12160.843,239734,870,941,67.557,9.615,1.046,0.956,0.947
440,2497,S3,C5,15,69.597,125.876,103,175,31.307,0.892,10.816,8760.551,172702,985,1009,31.373,8.559,1.186,0.843,0.968
441,2497,S4,C1,16,48.85,141.464,117,190,27.008,0.842,9.502,6910.458,136230,939,1121,121.43,6.757,1.397,0.716,0.951
442,2497,S4,C2,17,65.64,113.407,92,164,31.514,0.831,10.123,7444.049,146749,1029,1189,110.854,8.784,1.126,0.888,0.961
443,2497,S4,C3,18,36.777,164.716,127,216,24.703,0.757,9.406,6057.696,119419,783,1450,106.699,5.856,1.684,0.594,0.916
444,2497,S4,C4,19,24.754,125.861,98,171,20.597,0.733,7.982,3115.616,61420,1123,1233,16.39,4.279,1.979,0.505,0.928
445,2497,S4,C5,20,38.552,134.118,104,201,23.932,0.846,8.665,5170.542,101930,1023,1048,152.103,6.211,1.418,0.705,0.944
446,2497,S5,C1,21,36.726,146.887,132,174,23.667,0.824,8.619,5394.55,106346,1172,727,118.909,5.778,1.534,0.652,0.96
447,2497,S5,C2,22,61.988,151.173,136,177,31.287,0.796,9.808,9370.84,184733,1215.5,777.5,77.4,8.281,1.109,0.902,0.978
448,2497,S5,C3,23,36.168,144.673,126,184,22.383,0.907,8.49,5232.53,103152,1206,618,111.801,5.786,1.452,0.689,0.977
449,2497,S5,C4,24,39.972,151.532,133,177,25.05,0.8,7.988,6057.087,119407,1120.5,651,111.501,6.755,1.169,0.856,0.967
450,2497,S5,C5,25,43.929,142.726,128,175,24.866,0.893,8.371,6269.834,123601,1155.5,686,169.144,7.087,1.134,0.882,0.97
451,2505,S1,C1,1,73.147,149.41,101,224,34.621,0.767,12.51,10928.953,215449,1554,734,23.334,8.356,1.505,0.664,0.955
452,2505,S1,C2,2,73.198,141.859,101,209,35.97,0.711,11.469,10383.847,204703,1711,880,19.502,8.858,1.274,0.785,0.936
453,2505,S1,C3,3,61.988,157.905,124,218,32.335,0.745,11.209,9788.167,192960,1343,704,157.557,8.191,1.466,0.682,0.918
454,2505,S1,C4,4,75.684,143.352,107,207,35.441,0.757,13.219,10849.414,213881,1349,846,156.93,7.454,1.754,0.57,0.966
455,2505,S1,C5,5,71.829,147.035,101,219,33.693,0.795,12.548,10561.288,208201,1553,735,21.038,8.303,1.572,0.636,0.952
456,2505,S2,C1,6,79.082,141.919,109,211,33.854,0.867,12.087,11223.267,221251,1473,1053,63.435,9.009,1.305,0.766,0.967
457,2505,S2,C2,7,73.705,142.423,107,211,34.978,0.757,11.926,10497.322,206940,1631,1215,169.114,8.76,1.44,0.695,0.909
458,2505,S2,C3,8,68.481,140.738,98,208,34.493,0.723,12.108,9637.813,189996,1700,1145,136.507,7.831,1.528,0.654,0.937
459,2505,S2,C4,9,111.192,153.327,118,213,41.803,0.8,14.031,17048.789,336093,1014,1093,161.274,10.811,1.26,0.794,0.955
460,2505,S2,C5,10,98.156,144.605,115,203,40.921,0.737,14.416,14193.755,279810,1310,1089,61.032,9.177,1.594,0.627,0.953
461,2505,S3,C1,11,82.43,142.823,110,204,40.94,0.618,16.715,11772.989,232088,1164,671,14.036,6.733,2.597,0.385,0.923
462,2505,S3,C2,12,183.021,156,132,194,55.285,0.752,21.832,28551.203,562847,1676,569,158.199,10.891,2.041,0.49,0.958
463,2505,S3,C3,13,136.505,153.197,127,205,50.967,0.66,17.638,20912.061,412252,1720,643,174.872,10.944,1.651,0.606,0.959
464,2505,S3,C4,14,149.897,134.576,108,192,48.844,0.79,16.186,20172.47,397672,1530,1507,31.921,13.143,1.229,0.814,0.964
465,2505,S3,C5,15,82.38,126.539,91,183,35.521,0.82,12.129,10424.225,205499,1616,1637,158.199,9.459,1.19,0.84,0.935
466,2505,S4,C1,16,100.692,131.458,98,206,44.993,0.625,16.029,13236.75,260944,1720,1631,17.162,8.559,1.943,0.515,0.927
467,2505,S4,C2,17,35.813,144.843,114,199,25.459,0.694,8.161,5187.231,102259,767,1079.5,152.021,6.306,1.009,0.991,0.906
468,2505,S4,C3,18,71.321,130.855,94,186,33.35,0.806,12.838,9332.745,183982,1100.5,1503,166.817,7.477,1.637,0.611,0.963
469,2505,S4,C4,19,22.472,133.427,111,187,21.976,0.585,8.606,2998.336,59108,1100.5,1737,173.991,3.517,2.788,0.359,0.868
470,2505,S4,C5,20,25.465,140.086,105,197,21.336,0.703,7.216,3567.233,70323,1184.5,1600,157.036,4.505,1.596,0.627,0.955
471,2505,S5,C1,21,87.706,144.537,108,192,39.471,0.707,16.595,12676.782,249905,400,1653,172.2,7.207,2.196,0.455,0.962
472,2505,S5,C2,22,102.518,147.759,119,208,39.716,0.817,14.673,15147.918,298620,440,1697,162.121,8.786,1.714,0.583,0.96
473,2505,S5,C3,23,68.075,159.545,137,192,32.025,0.834,11.418,10860.979,214109,353,1389,165.141,7.658,1.429,0.7,0.963
474,2505,S5,C4,24,119.41,149.063,120,204,44.195,0.768,14.914,17799.59,350894,297,1921,51.746,10.586,1.384,0.723,0.969
475,2505,S5,C5,25,74.416,132.742,90,196,33.303,0.843,12.426,9878.104,194733,809.5,1808,133.531,8.248,1.435,0.697,0.979
476,2547,S1,C1,1,41.748,135.311,111,201,23.975,0.913,8.621,5648.943,111361,1349,660,33.275,6.306,1.272,0.786,0.957
477,2547,S1,C2,2,68.176,106.577,79,166,32.601,0.806,11.398,7265.999,143239,1200,755,127.776,8.657,1.343,0.745,0.956
478,2547,S1,C3,3,39.414,143.941,123,189,25.983,0.734,9.555,5673.342,111842,1435,759,45,5.631,1.62,0.617,0.947
479,2547,S1,C4,4,46.668,124.296,103,172,27.023,0.803,9.526,5800.666,114352,1219,903,173.211,6.517,1.504,0.665,0.956
480,2547,S1,C5,5,52.35,128.073,101,185,29.686,0.746,12.438,6704.559,132171,1422,945,121.675,6.043,2.138,0.468,0.949
481,2547,S2,C1,6,60.364,104.271,74,149,30.458,0.818,10.634,6294.233,124082,539.5,866.5,114.394,7.724,1.364,0.733,0.965
482,2547,S2,C2,7,42.661,96.256,75,144,25.195,0.845,9.373,4106.353,80951,649.5,944,144.782,6.511,1.357,0.737,0.972
483,2547,S2,C3,8,36.726,92.504,72,144,24.399,0.775,9.016,3397.299,66973,686,956.5,27.525,5.825,1.6,0.625,0.969
484,2547,S2,C4,9,21.762,107.287,86,157,18.177,0.828,5.912,2334.733,46026,698.5,1082,162.255,5.084,1.117,0.895,0.959
485,2547,S2,C5,10,34.595,89.931,72,134,23.52,0.786,8.547,3111.202,61333,685.5,951.5,18.435,5.753,1.567,0.638,0.939
486,2547,S3,C1,11,49.458,144.307,114,193,29.498,0.714,10.353,7137.154,140699,1608.5,715,135.881,6.839,1.495,0.669,0.934
487,2547,S3,C2,12,57.219,112.509,92,177,30.078,0.795,11.326,6437.688,126910,1746,1235,17.354,6.449,1.72,0.581,0.961
488,2547,S3,C3,13,51.842,109.007,79,174,28.308,0.813,10.322,5651.175,111405,1500.5,1216.5,173.108,7.561,1.24,0.806,0.95
489,2547,S3,C4,14,34.24,101.025,77,157,24.788,0.7,9.691,3459.135,68192,1761,1128,128.868,4.998,1.9,0.526,0.908
490,2547,S3,C5,15,36.929,88.823,69,131,24.394,0.78,8.215,3280.121,64663,1582.5,1140.5,123.254,6.502,1.274,0.785,0.938
491,2547,S4,C1,16,33.277,143.489,115,190,23.488,0.758,7.686,4774.826,94129,1543.5,1105,10.981,6.197,1.184,0.844,0.965
492,2547,S4,C2,17,37.182,186.334,157,244,24.524,0.777,8.839,6928.364,136583,1691,1072.5,124.095,5.256,1.646,0.607,0.97
493,2547,S4,C3,18,29.421,157.283,127,218,23.536,0.667,8.38,4627.465,91224,1343,1370,41.186,5.134,1.593,0.628,0.952
494,2547,S4,C4,19,65.843,202.555,169,252,33.115,0.755,12.469,13336.783,262916,1071,1629,16.798,7.502,1.709,0.585,0.94
495,2547,S4,C5,20,46.82,153.394,113,238,27.043,0.804,9.558,7181.996,141583,1179,1276,34.439,6.933,1.423,0.703,0.953
496,2547,S5,C1,21,48.038,139.309,111,182,26.402,0.866,9.286,6692.131,131926,1427,1020,165.964,6.532,1.365,0.732,0.956
497,2547,S5,C2,22,44.741,145.159,118,203,26.211,0.818,8.884,6494.501,128030,1481,1014,30.466,6.757,1.274,0.785,0.967
498,2547,S5,C3,23,36.016,118.069,100,158,22.764,0.873,8.281,4252.344,83829,1189,1079,22.38,5.856,1.321,0.757,0.95
499,2547,S5,C4,24,40.023,141.061,118,207,25.207,0.792,8.309,5645.696,111297,1046,1083,147.171,6.871,1.128,0.886,0.942
500,2547,S5,C5,25,43.016,132.238,108,205,25.457,0.834,8.454,5688.357,112138,1185,1096,138.24,6.982,1.013,0.987,0.951
501,2555,S1,C1,1,290.459,194.405,172,236,67.762,0.795,25.326,56466.652,1113161,1387,881,174.898,16.216,1.536,0.651,0.963
502,2555,S1,C2,2,192.202,186.924,168,224,58.443,0.707,17.713,35927.228,708255,1504,949,131.392,15.224,1.037,0.964,0.948
503,2555,S1,C3,3,181.956,187.83,169,214,53.655,0.794,19.993,34176.812,673748,1443,1129,14.349,13.284,1.503,0.665,0.948
504,2555,S1,C4,4,192.913,150.079,135,178,54.505,0.816,19.122,28952.195,570752,1105,1043,43.091,14.577,1.185,0.844,0.96
505,2555,S1,C5,5,226.646,178.871,157,227,61.819,0.745,21.254,40540.388,799197,1123,869,102.858,13.182,1.596,0.626,0.966
506,2555,S2,C1,6,202.551,159.129,132,205,53.621,0.885,18.542,32231.607,635401,1493,825,130.073,14.603,1.205,0.83,0.969
507,2555,S2,C2,7,222.131,142.641,125,172,57.886,0.833,20.784,31684.979,624625,1480,965,29.899,13.829,1.467,0.682,0.977
508,2555,S2,C3,8,168.006,161.262,133,206,51.781,0.787,17.713,27092.971,534100,1710,839,138.608,13.351,1.36,0.735,0.969
509,2555,S2,C4,9,292.691,136.716,113,171,69.426,0.763,25.466,40015.522,788850,1608,1077,38.897,15.632,1.646,0.608,0.965
510,2555,S2,C5,10,254.291,140.19,112,199,64.494,0.768,21.463,35648.994,702770,1651,1091,151.821,16.734,1.29,0.775,0.936
511,2555,S3,C1,11,258.147,146.993,117,193,61.346,0.862,23.119,37945.682,748046,1310,972,132.236,16.519,1.334,0.75,0.979
512,2555,S3,C2,12,162.02,156.242,119,207,49.376,0.835,16.44,25314.352,499037,1239,1069,170.538,13.674,1.209,0.827,0.945
513,2555,S3,C3,13,248.559,146.929,106,187,61.134,0.836,20.979,36520.625,719953,1107,992,75.069,15.669,1.295,0.772,0.962
514,2555,S3,C4,14,186.724,151.884,130,200,52.851,0.84,19.453,28360.32,559084,830,805,137.816,13.516,1.348,0.742,0.957
515,2555,S3,C5,15,207.674,143.489,119,187,56.088,0.83,17.619,29799.022,587446,608,911,57.529,15.492,1.084,0.922,0.974
516,2555,S4,C1,16,204.123,146.323,129,179,56.75,0.796,18.608,29867.959,588805,1543,956,141.882,14.877,1.237,0.808,0.975
517,2555,S4,C2,17,172.774,144.892,121,180,47.962,0.944,16.429,25033.581,493502,1402,619,61.327,13.964,1.121,0.892,0.979
518,2555,S4,C3,18,215.587,157.788,138,191,55.29,0.886,17.865,34017.125,670600,636,746,123.69,15.315,1.067,0.938,0.981
519,2555,S4,C4,19,216.5,146.703,124,183,55.87,0.872,18.455,31761.17,626127,499,950,113.749,14.865,1.188,0.841,0.983
520,2555,S4,C5,20,262.966,134.804,113,190,65.959,0.76,24.833,35448.776,698823,530,888,51.259,14.174,1.757,0.569,0.972
521,2555,S5,C1,21,288.38,190.566,169,229,71.048,0.718,21.229,54955.411,1083369,1281,805,107.281,17.828,1.072,0.933,0.949
522,2555,S5,C2,22,247.545,176.926,150,242,62.691,0.792,20.589,43797.023,863397,1453,1127,70.178,15.498,1.307,0.765,0.945
523,2555,S5,C3,23,332.156,192.911,169,226,76.384,0.715,22.764,64076.779,1263184,1279,801,117.072,18.513,1.187,0.842,0.971
524,2555,S5,C4,24,264.386,163.955,142,208,69.358,0.691,24.053,43347.435,854534,973,1096,46.138,16.855,1.398,0.715,0.969
525,2555,S5,C5,25,221.319,179.696,160,213,56.099,0.884,19.08,39770.159,784013,1060,896,7.461,16.066,1.152,0.868,0.957
526,2556,S1,C1,1,221.674,217.895,201,246,55.259,0.912,17.933,48301.731,952201,1311,511,25.278,16.063,1.072,0.932,0.963
527,2556,S1,C2,2,123.671,203.768,165,241,44.713,0.777,14.43,25200.217,496787,922,465,34.186,12.162,1.149,0.87,0.959
528,2556,S1,C3,3,149.288,200.732,176,246,45.811,0.894,15.342,29966.825,590754,1080,395,93.366,13.303,1.11,0.901,0.958
529,2556,S1,C4,4,201.79,161.185,128,245,54.68,0.848,18.84,32525.363,641192,1208,1600,152.21,14.478,1.331,0.751,0.965
530,2556,S1,C5,5,635.957,154.868,130,196,93.684,0.911,31.289,98489.469,1941582,1398,823,22.874,26.657,1.129,0.886,0.969
531,2556,S2,C1,6,220.153,159.893,144,201,58.27,0.815,20.23,35200.927,693937,928,428,78.44,14.504,1.385,0.722,0.957
532,2556,S2,C2,7,338.193,159.621,138,193,69.546,0.879,22.671,53982.834,1064196,2232,767,139.028,20.067,1.107,0.903,0.963
533,2556,S2,C3,8,288.278,146.47,117,183,67.74,0.789,21.716,42224.099,832389,1677,487,84.644,17.568,1.198,0.835,0.971
534,2556,S2,C4,9,310.395,151.72,124,205,68.807,0.824,23.112,47093.124,928375,1982,763,164.745,18.694,1.152,0.868,0.944
535,2556,S2,C5,10,155.679,145.991,126,208,51.269,0.744,16.85,22727.812,448047,1598,984,142.058,13.64,1.191,0.839,0.947
536,2556,S3,C1,11,193.318,110.904,91,151,58.279,0.715,17.492,21439.767,422655,167,685,34.509,15.221,1.141,0.876,0.952
537,2556,S3,C2,12,178.455,114.49,87,170,52.124,0.825,19.038,20431.327,402775,266,1677,115.959,12.326,1.506,0.664,0.967
538,2556,S3,C3,13,155.324,115.515,84,166,46.754,0.893,15.567,17942.233,353706,158,1770,148.61,13.288,1.11,0.901,0.971
539,2556,S3,C4,14,193.927,125.087,105,165,60.077,0.675,22.635,24257.822,478209,106,1590,31.159,11.237,2.11,0.474,0.957
540,2556,S3,C5,15,181.803,109.608,86,157,56.436,0.717,17.53,19927.055,392834,111,659,132.917,14.414,1.095,0.913,0.928
541,2556,S4,C1,16,233.139,205.594,142,251,63.528,0.726,19.84,47931.885,944910,1405,392,39.472,16.684,1.107,0.903,0.966
542,2556,S4,C2,17,148.476,200.532,160,241,46.828,0.851,15.843,29774.268,586958,1417,522,14.826,12.724,1.269,0.788,0.94
543,2556,S4,C3,18,0.051,196,196,196,8.145,0.01,4.06,9.942,196,1642,803,93.18,0.224,1,1,0.111
544,2556,S4,C4,19,124.838,130.584,96,205,46.156,0.736,15.105,16301.842,321368,1615,1206,159.944,11.103,1.4,0.714,0.952
545,2556,S4,C5,20,91.612,163.435,130,208,38.598,0.773,12.404,14972.557,295163,1315,1415,29.358,9.741,1.267,0.789,0.959
546,2556,S5,C1,21,127.526,146.22,118,201,44.455,0.811,15.617,18646.924,367598,880,389,33.232,11.785,1.354,0.738,0.952
547,2556,S5,C2,22,142.693,141.337,100,195,45.162,0.879,16.299,20167.904,397582,1059,343,11.155,11.073,1.431,0.699,0.965
548,2556,S5,C3,23,179.571,147.121,109,203,52.848,0.808,17.179,26418.716,520808,1455,78,145.685,14.101,1.202,0.832,0.955
549,2556,S5,C4,24,98.358,114.437,87,167,39.591,0.789,14.11,11255.834,221893,1044,606,118.61,9.459,1.358,0.736,0.951
550,2556,S5,C5,25,296.749,174.873,143,223,80.326,0.578,22.943,51893.566,1023009,555,1722,76.373,17.568,1.235,0.81,0.946
551,2837,S1,C1,1,140.816,142.576,113,199,46.756,0.809,17.123,20077.104,395792,1502,635,116.565,10.852,1.625,0.615,0.952
552,2837,S1,C2,2,42.255,134.215,104,190,26.584,0.751,8.7,5671.262,111801,1612,701,68.749,6.339,1.382,0.724,0.957
553,2837,S1,C3,3,61.835,99.446,81,143,29.913,0.868,10.545,6149.308,121225,1532,771,19.983,7.883,1.277,0.783,0.953
554,2837,S1,C4,4,53.212,132.078,105,172,30.079,0.739,10.375,7028.143,138550,1571,819,117.121,6.982,1.435,0.697,0.965
555,2837,S1,C5,5,154.716,144.503,107,196,47.02,0.879,16.443,22356.799,440733,1647,1144,143.915,13.094,1.25,0.8,0.967
556,2837,S2,C1,6,218.276,150.761,126,224,57.247,0.837,19.135,32907.434,648724,1184,528,132.138,14.837,1.255,0.797,0.963
557,2837,S2,C2,7,214.471,171.209,142,222,57.06,0.828,18.365,36719.473,723873,673,858,23.106,14.865,1.219,0.821,0.968
558,2837,S2,C3,8,167.296,131.935,105,222,52.771,0.755,16.497,22072.123,435121,689,883,141.096,14.166,1.071,0.933,0.942
559,2837,S2,C4,9,124.381,137.46,110,219,45.794,0.745,15.5,17097.435,337052,815,713,35.538,11.183,1.331,0.751,0.958
560,2837,S2,C5,10,91.46,122.287,97,189,37.267,0.828,13.26,11184.309,220483,874,506,110.898,9.464,1.446,0.691,0.953
561,2837,S3,C1,11,222.587,129.914,101,209,62.064,0.726,20.115,28917.296,570064,1615,977,55.954,14.64,1.301,0.769,0.934
562,2837,S3,C2,12,98.409,164.888,125,231,39.615,0.788,13.104,16226.514,319883,1578,816,61.232,10.364,1.319,0.758,0.961
563,2837,S3,C3,13,40.125,141.311,111,244,26.069,0.742,8.764,5670.045,111777,1730,637,64.093,6.757,1.375,0.727,0.908
564,2837,S3,C4,14,349.86,113.509,86,199,72.357,0.84,24.882,39712.128,782869,641,395,62.507,19.01,1.286,0.778,0.964
565,2837,S3,C5,15,102.518,162.636,126,228,40.343,0.792,15.036,16673.16,328688,456,1096,16.535,10.372,1.467,0.682,0.951
566,2837,S4,C1,16,141.476,150.16,108,228,46.774,0.813,15.257,21244.065,418797,1108,1334,31.109,12.838,1.155,0.866,0.969
567,2837,S4,C2,17,83.546,150.863,114,225,35.635,0.827,13.198,12604.04,248471,1045,1106,154.747,8.352,1.627,0.615,0.958
568,2837,S4,C3,18,109.214,128.585,97,193,40.929,0.819,13.442,14043.249,276843,840,1486,31.293,10.942,1.204,0.83,0.949
569,2837,S4,C4,19,103.025,125.233,97,199,40.023,0.808,13.514,12902.21,254349,1930,707,36.87,10.592,1.248,0.801,0.944
570,2837,S4,C5,20,81.416,148.733,114,216,34.368,0.866,12.909,12109.255,238717,1051,1097,137.121,8.072,1.567,0.638,0.963
571,2837,S5,C1,21,76.901,142.418,105,234,35.191,0.78,12.717,10952.135,215906,434,261,157.068,8.44,1.572,0.636,0.933
572,2837,S5,C2,22,57.93,172.813,127,218,30.762,0.769,11.396,10010.957,197352,773,249,18.435,6.532,1.762,0.568,0.958
573,2837,S5,C3,23,53.821,123.879,85,228,29.571,0.773,9.758,6667.275,131436,831,193,71.147,7.756,1.338,0.748,0.927
574,2837,S5,C4,24,38.501,139.647,104,200,26.665,0.68,8.772,5376.593,105992,729,150,48.122,6.552,1.296,0.771,0.946
575,2837,S5,C5,25,54.48,153.238,111,239,29.82,0.77,10.794,8348.45,164578,646,106,23.356,7.416,1.509,0.663,0.933
